{
  "properties": {
    "connectionReferences": {
      "shared_conversionservice_1": {
        "runtimeSource": "embedded",
        "connection": {
          "connectionReferenceLogicalName": "new_sharedconversionservice_9ed89"
        },
        "api": {
          "name": "shared_conversionservice"
        }
      },
      "shared_sharepointonline_1": {
        "runtimeSource": "embedded",
        "connection": {
          "connectionReferenceLogicalName": "new_sharedsharepointonline_79da0"
        },
        "api": {
          "name": "shared_sharepointonline"
        }
      },
      "shared_sharepointonline_2": {
        "runtimeSource": "embedded",
        "connection": {
          "connectionReferenceLogicalName": "new_sharedsharepointonline_0d4ee"
        },
        "api": {
          "name": "shared_sharepointonline"
        }
      },
      "shared_office365": {
        "runtimeSource": "embedded",
        "connection": {
          "connectionReferenceLogicalName": "new_sharedoffice365_ab9d4"
        },
        "api": {
          "name": "shared_office365"
        }
      }
    },
    "definition": {
      "$schema": "https://schema.management.azure.com/providers/Microsoft.Logic/schemas/2016-06-01/workflowdefinition.json#",
      "contentVersion": "1.0.0.0",
      "parameters": {
        "$connections": {
          "defaultValue": {},
          "type": "Object"
        },
        "$authentication": {
          "defaultValue": {},
          "type": "SecureObject"
        }
      },
      "triggers": {
        "Bei_Eingang_einer_neuen_E-Mail_(V3)": {
          "splitOn": "@triggerOutputs()?['body/value']",
          "metadata": {
            "operationMetadataId": "4b0d29cb-0bd6-4cfb-8ff3-e467f2a56756",
            "Id::AAMkADU0NWQzOTRjLWZiMWQtNDYyNi1hMjUzLWMxYzc3Y2ExNTMzNQAuAAAAAADrHktz75rnSpiLio9wvZWgAQABu4gFHMsuSIVTFi6zxMu9AAAAAAEMAAA=": "Posteingang"
          },
          "type": "OpenApiConnectionNotification",
          "inputs": {
            "host": {
              "connectionName": "shared_office365",
              "operationId": "OnNewEmailV3",
              "apiId": "/providers/Microsoft.PowerApps/apis/shared_office365"
            },
            "parameters": {
              "folderPath": "Id::AAMkADU0NWQzOTRjLWZiMWQtNDYyNi1hMjUzLWMxYzc3Y2ExNTMzNQAuAAAAAADrHktz75rnSpiLio9wvZWgAQABu4gFHMsuSIVTFi6zxMu9AAAAAAEMAAA=",
              "includeAttachments": true,
              "subjectFilter": "PhotoDoc",
              "importance": "Any",
              "fetchOnlyWithAttachment": true
            },
            "authentication": "@parameters('$authentication')"
          }
        }
      },
      "actions": {
        "HTML_zu_Text_|_Convert_to_plain_text": {
          "runAfter": {},
          "metadata": {
            "operationMetadataId": "4ca8bad2-44ec-4a7d-abb5-e843364657ae"
          },
          "type": "OpenApiConnection",
          "inputs": {
            "host": {
              "connectionName": "shared_conversionservice_1",
              "operationId": "HtmlToText",
              "apiId": "/providers/Microsoft.PowerApps/apis/shared_conversionservice"
            },
            "parameters": {
              "Content": "<p>@{triggerOutputs()?['body/body']}</p>"
            },
            "authentication": "@parameters('$authentication')"
          }
        },
        "JSON_analysieren_|_Extract_JSON": {
          "runAfter": {
            "HTML_zu_Text_|_Convert_to_plain_text": [
              "Succeeded"
            ]
          },
          "metadata": {
            "operationMetadataId": "2f386a4a-6d0a-4edc-ae01-76ae89d09547"
          },
          "type": "ParseJson",
          "inputs": {
            "content": "@body('HTML_zu_Text_|_Convert_to_plain_text')",
            "schema": {
              "type": "object",
              "properties": {
                "project": {
                  "type": "string"
                }
              }
            }
          }
        },
        "Auf_alle_anwenden_|_Create_file_and_update_metadata_for_earch_attachment": {
          "foreach": "@triggerOutputs()?['body/attachments']",
          "actions": {
            "Datei_erstellen": {
              "runAfter": {},
              "metadata": {
                "operationMetadataId": "3f32de65-0a20-4825-a05f-4af1430ac159"
              },
              "type": "OpenApiConnection",
              "inputs": {
                "host": {
                  "connectionName": "shared_sharepointonline_1",
                  "operationId": "CreateFile",
                  "apiId": "/providers/Microsoft.PowerApps/apis/shared_sharepointonline"
                },
                "parameters": {
                  "dataset": "https://emashde.sharepoint.com/sites/Sandkiste",
                  "folderPath": "/Photo documentation",
                  "name": "@items('Auf_alle_anwenden_|_Create_file_and_update_metadata_for_earch_attachment')?['name']",
                  "body": "@items('Auf_alle_anwenden_|_Create_file_and_update_metadata_for_earch_attachment')?['contentBytes']"
                },
                "authentication": "@parameters('$authentication')"
              },
              "runtimeConfiguration": {
                "contentTransfer": {
                  "transferMode": "Chunked"
                }
              }
            },
            "Dateieigenschaften_aktualisieren": {
              "runAfter": {
                "Datei_erstellen": [
                  "Succeeded"
                ]
              },
              "metadata": {
                "operationMetadataId": "03b22f28-95a3-4930-bb47-ea09b76f63fd"
              },
              "type": "OpenApiConnection",
              "inputs": {
                "host": {
                  "connectionName": "shared_sharepointonline_2",
                  "operationId": "PatchFileItem",
                  "apiId": "/providers/Microsoft.PowerApps/apis/shared_sharepointonline"
                },
                "parameters": {
                  "dataset": "https://emashde.sharepoint.com/sites/Sandkiste",
                  "table": "f2dd222b-2e95-4f7c-8c3a-c11017d99379",
                  "id": "@outputs('Datei_erstellen')?['body/ItemId']",
                  "item/Project": "@body('JSON_analysieren_|_Extract_JSON')?['project']"
                },
                "authentication": "@parameters('$authentication')"
              }
            }
          },
          "runAfter": {
            "JSON_analysieren_|_Extract_JSON": [
              "Succeeded"
            ]
          },
          "metadata": {
            "operationMetadataId": "0a80b81c-43f7-4636-91d5-a115fdbb484c"
          },
          "type": "Foreach"
        }
      }
    },
    "templateName": ""
  },
  "schemaVersion": "1.0.0.0"
}