<ImportExportXml xmlns:xsi="http://www.w3.org/2001/XMLSchema-instance">
  <Entities></Entities>
  <Roles></Roles>
  <Workflows>
    <Workflow WorkflowId="{64d41541-196d-ed11-9561-000d3adea710}" Name="Photo documentation | save to SharePoint Doc Lib">
      <JsonFileName>/Workflows/PhotodocumentationsavetoSharePointDocLib-64D41541-196D-ED11-9561-000D3ADEA710.json</JsonFileName>
      <Type>1</Type>
      <Subprocess>0</Subprocess>
      <Category>5</Category>
      <Mode>0</Mode>
      <Scope>4</Scope>
      <OnDemand>0</OnDemand>
      <TriggerOnCreate>0</TriggerOnCreate>
      <TriggerOnDelete>0</TriggerOnDelete>
      <AsyncAutodelete>0</AsyncAutodelete>
      <SyncWorkflowLogOnFailure>0</SyncWorkflowLogOnFailure>
      <StateCode>1</StateCode>
      <StatusCode>2</StatusCode>
      <RunAs>1</RunAs>
      <IsTransacted>1</IsTransacted>
      <IntroducedVersion>1.0.0.0</IntroducedVersion>
      <IsCustomizable>1</IsCustomizable>
      <BusinessProcessType>0</BusinessProcessType>
      <IsCustomProcessingStepAllowedForOtherPublishers>1</IsCustomProcessingStepAllowedForOtherPublishers>
      <PrimaryEntity>none</PrimaryEntity>
      <LocalizedNames>
        <LocalizedName languagecode="1031" description="Photo documentation | save to SharePoint Doc Lib" />
      </LocalizedNames>
    </Workflow>
  </Workflows>
  <FieldSecurityProfiles></FieldSecurityProfiles>
  <Templates />
  <EntityMaps />
  <EntityRelationships />
  <OrganizationSettings />
  <optionsets />
  <CustomControls />
  <EntityDataProviders />
  <CanvasApps>
    <CanvasApp>
      <Name>ema_photodocumentation_dc08b</Name>
      <AppVersion>2022-12-02T10:22:31Z</AppVersion>
      <Status>Ready</Status>
      <CreatedByClientVersion>3.22111.28.0</CreatedByClientVersion>
      <MinClientVersion>3.22111.28.0</MinClientVersion>
      <Tags>{"primaryDeviceWidth":"640","primaryDeviceHeight":"1136","supportsPortrait":"true","supportsLandscape":"true","primaryFormFactor":"Tablet","publisherVersion":"3.22111.28","minimumRequiredApiVersion":"2.2.0","hasComponent":"true","hasUnlockedComponent":"false","isUnifiedRootApp":"false","sienaVersion":"20221202T102001Z-3.22111.28.0"}</Tags>
      <IsCdsUpgraded>0</IsCdsUpgraded>
      <GalleryItemId xsi:nil="true"></GalleryItemId>
      <BackgroundColor>rgba(255, 255, 255, 1)</BackgroundColor>
      <DisplayName>Photo documentation</DisplayName>
      <Description xsi:nil="true"></Description>
      <CommitMessage xsi:nil="true"></CommitMessage>
      <Publisher xsi:nil="true"></Publisher>
      <AuthorizationReferences>[]</AuthorizationReferences>
      <ConnectionReferences>{"e0935de0-23cc-446c-b783-80e8e281a8ba":{"id":"/providers/microsoft.powerapps/apis/shared_logicflows","displayName":"Logik-Flows","iconUri":"https://connectoricons-prod.azureedge.net/releases/v1.0.1534/1.0.1534.2605/logicflows/icon.png","dataSources":["Standardapp|Zeiterfassung|ExportData"],"dependencies":["bf941312-fa64-40a4-a978-94bc7e35fa66","643d26f7-80df-48c0-aac9-8219360a881a","868b6999-3d9e-44c7-9ee5-494f9173ee25"],"dependents":[],"parameterHints":{"643d26f7-80df-48c0-aac9-8219360a881a":{"value":"shared_office365_1"},"868b6999-3d9e-44c7-9ee5-494f9173ee25":{"value":"shared_sharepointonline"},"bf941312-fa64-40a4-a978-94bc7e35fa66":{"value":"shared_excelonlinebusiness"},"workflowEntityId":{"value":"857e57fd-d0eb-ec11-bb3d-0022489fb184"},"workflowName":{"value":"5ef43a25-9643-4c67-90d5-7d57d4e35008"}},"parameterHintsV2":{"shared_excelonlinebusiness":{"value":"bf941312-fa64-40a4-a978-94bc7e35fa66"},"shared_office365_1":{"value":"643d26f7-80df-48c0-aac9-8219360a881a"},"shared_sharepointonline":{"value":"868b6999-3d9e-44c7-9ee5-494f9173ee25"},"workflowEntityId":{"value":"857e57fd-d0eb-ec11-bb3d-0022489fb184"},"workflowName":{"value":"5ef43a25-9643-4c67-90d5-7d57d4e35008"}},"isOnPremiseConnection":false,"bypassConsent":false,"dataSets":{},"apiTier":"Standard"},"f5d4273f-8197-42c8-963c-1f42e9acdda8":{"id":"/providers/microsoft.powerapps/apis/shared_office365users","displayName":"Office 365-Benutzer","iconUri":"https://connectoricons-prod.azureedge.net/releases/v1.0.1593/1.0.1593.2980/office365users/icon.png","dataSources":["Office365-Benutzer"],"dependencies":[],"dependents":[],"parameterHints":{},"parameterHintsV2":{},"isOnPremiseConnection":false,"bypassConsent":false,"dataSets":{},"apiTier":"Standard"},"ae5b04c2-e16d-4d9f-89b5-880b9502eab9":{"id":"/providers/microsoft.powerapps/apis/shared_office365","displayName":"Office 365 Outlook","iconUri":"https://connectoricons-prod.azureedge.net/releases/v1.0.1599/1.0.1599.3017/office365/icon.png","dataSources":["Office365Outlook"],"dependencies":[],"dependents":[],"parameterHints":{},"parameterHintsV2":{},"isOnPremiseConnection":false,"bypassConsent":false,"dataSets":{},"apiTier":"Standard","actions":["SendEmailV2"]}}</ConnectionReferences>
      <DatabaseReferences>{}</DatabaseReferences>
      <AppComponents>[]</AppComponents>
      <AppComponentDependencies>[]</AppComponentDependencies>
      <CanConsumeAppPass>1</CanConsumeAppPass>
      <CanvasAppType>0</CanvasAppType>
      <BypassConsent>0</BypassConsent>
      <AdminControlBypassConsent>0</AdminControlBypassConsent>
      <EmbeddedApp xsi:nil="true"></EmbeddedApp>
      <IntroducedVersion>1.0</IntroducedVersion>
      <CdsDependencies>{"cdsdependencies":[]}</CdsDependencies>
      <IsCustomizable>1</IsCustomizable>
      <BackgroundImageUri>/CanvasApps/ema_photodocumentation_dc08b_BackgroundImageUri</BackgroundImageUri>
      <DocumentUri>/CanvasApps/ema_photodocumentation_dc08b_DocumentUri.msapp</DocumentUri>
    </CanvasApp>
  </CanvasApps>
  <connectionreferences>
    <connectionreference connectionreferencelogicalname="ema_ConnectionReference_ContentConversion">
      <connectionreferencedisplayname>ConnectionReference_ContentConversion</connectionreferencedisplayname>
      <connectorid>/providers/Microsoft.PowerApps/apis/shared_conversionservice</connectorid>
      <iscustomizable>1</iscustomizable>
      <statecode>0</statecode>
      <statuscode>1</statuscode>
    </connectionreference>
    <connectionreference connectionreferencelogicalname="ema_ConnectionReference_Office365Outlook">
      <connectionreferencedisplayname>ConnectionReference_Office365Outlook</connectionreferencedisplayname>
      <connectorid>/providers/Microsoft.PowerApps/apis/shared_office365</connectorid>
      <iscustomizable>1</iscustomizable>
      <statecode>0</statecode>
      <statuscode>1</statuscode>
    </connectionreference>
    <connectionreference connectionreferencelogicalname="ema_ConnectionReference_Office365Users">
      <connectionreferencedisplayname>ConnectionReference_Office365Users</connectionreferencedisplayname>
      <connectorid>/providers/Microsoft.PowerApps/apis/shared_office365users</connectorid>
      <iscustomizable>1</iscustomizable>
      <statecode>0</statecode>
      <statuscode>1</statuscode>
    </connectionreference>
    <connectionreference connectionreferencelogicalname="ema_ConnectionReference_SharePoint">
      <connectionreferencedisplayname>ConnectionReference_SharePoint</connectionreferencedisplayname>
      <connectorid>/providers/Microsoft.PowerApps/apis/shared_sharepointonline</connectorid>
      <iscustomizable>1</iscustomizable>
      <statecode>0</statecode>
      <statuscode>1</statuscode>
    </connectionreference>
  </connectionreferences>
  <Languages>
    <Language>1031</Language>
    <Language>1033</Language>
  </Languages>
</ImportExportXml>